DRC,2026-05-27,1
DRC,2026-05-28,1
DRC,2026-05-29,2
DRC,2026-05-30,2
DRC,2026-05-31,6
DRC,2026-06-01,6
DRC,2026-06-02,6
DRC,2026-06-03,7
DRC,2026-06-04,8
DRC,2026-06-05,9
DRC,2026-06-06,12
DRC,2026-06-07,19
DRC,2026-06-08,22
DRC,2026-06-09,30
DRC,2026-06-10,32
DRC,2026-06-11,32
DRC,2026-06-13,40
DRC,2026-06-14,48
DRC,2026-06-15,49
DRC,2026-06-16,67
DRC,2026-06-17,78
DRC,2026-06-18,80
DRC,2026-06-19,92
DRC,2026-06-20,100
DRC,2026-06-21,112
DRC,2026-06-22,115
DRC,2026-06-23,122
DRC,2026-06-24,138
DRC,2026-06-25,148
DRC,2026-06-27,178
DRC,2026-06-29,189
DRC,2026-06-30,208
DRC,2026-07-01,213
DRC,2026-07-02,229
DRC,2026-07-03,239
DRC,2026-07-04,254
DRC,2026-07-05,273
DRC,2026-07-06,280
DRC,2026-07-07,285
DRC,2026-07-08,295
DRC,2026-07-09,300
DRC,2026-07-10,306
DRC,2026-07-11,318
DRC,2026-07-13,366
DRC,2026-07-15,390
DRC,2026-07-17,412
DRC,2026-07-18,466
DRC,2026-07-19,469
DRC,2026-07-20,482
DRC,2026-07-22,519
DRC,2026-07-23,540
DRC,2026-07-25,571
DRC,2026-07-26,583
DRC,2026-07-27,597
DRC,2026-07-30,651
DRC,2026-07-31,666
DRC,2026-08-01,708
DRC,2026-08-02,727
DRC,2026-08-03,749
DRC,2026-08-04,776
DRC,2026-08-08,828
DRC,2026-08-09,869
DRC,2026-08-10,886
DRC,2026-08-11,918
DRC,2026-08-15,1040
DRC,2026-08-17,1091
DRC,2026-08-19,1152
DRC,2026-08-20,1167
DRC,2026-08-22,1200
DRC,2026-08-24,1245
DRC,2026-08-25,1269
DRC,2026-08-26,1293
DRC,2026-08-28,1327
DRC,2026-08-30,1383
DRC,2026-08-31,1409
DRC,2026-09-01,1439
